sku,rating,good points,bad points
AEBAD60001,9,comfortabel en past perfect,nope
ADBDF10001,8,Warm,Voelt wat straks aan aan binnenzijde
ADBDF10001,9,"Pasvorm is perfect,warm,mooie afwerking.",Nee
ADBDF10001,9,Gewoon goed.,Wachten op kouder weer
ADBGF00012,7,"Goeie pasvorm, mooie kleuren",Mocht iets warmer zijn
ADBGF00012,9,Zit heerlijk,Geen (snot) handschoen in de jas
ADBGF00012,8,Mooie lichte jas met voldoende warmte voor activiteiten.,"Fjallraven heeft altijd wat moeite met de maat. M iets wat klein, L meteen te groot."
B12AH90047,9,Kwaliteit.,Extra zakken zou prettig zijn.
B12ACB0163,8,"Paform, lengtemaat",Niet gevonden
B12ACB0163,10,"Prettige jas, goed ingedeeld en zakken groot genoeg om met handschoenen in te kunnen",Capuchon verwijderbaar zou hem perfect maken.
B12ABB0185,8,"Leuke kleuren, lekker licht en dun. En warm.","Ja, de oorspronkelijke prijs is echt veeeeeeel te hoog! Nu in de sale met 60% korting net leuk."
B12ABB0185,10,"Bijzonder, warm, lichtgewicht, fijn merk, duurzaam","Prijzig, maar erg leuke jas."
ADBCF00062,3,Goede materialen,Slechte verdeling van de voering. Bij beide mouwen was de voering in een kant geconcentreerd waardoor de voorkant van beide armen onvoldoende warm werden gehouden.
ADBCF00062,8,"Afneembare capuchon, bondje is los afneembaar.  Voldoende ritsen.  Geschikt voor de kou, houdt je lichaam lekker warm.  Waterafstotend, de druppels blijven er dan ook echt opleggen.","De ritsschakels lijken van kunststof, dit had best van metaal gemogen, dit zal de levensduur van de rits tegoede komen. Kunststof schakels gaan eerder kapot, hier al een slechte ervaring mee gehad met een blackbananas jas die na 1,5 jaar al een kapotte rits had"
ADBCF00062,10,"Warm, comfortabel, grote zakken.",Rits is even wennen
ADBCF00062,10,Warm tegelijk lange jas die ook waterdicht is,De rits aan de onderkant zou iets open mogen maar dat doe ik zelf met de hand anders kan je niet hurken of bukken
ADBCF00062,7,De kwaliteit,De maat voering ik heb een S en zelfs die is iets aan de grote kant
ADBDF10003,6,Fijne en warme jas met een mooi model,Ondanks het stevige uiterlijk van de jas lijkt hij erg kwetsbaar en was hij bij mij al beschadigd na 2 keer gebruik.
ADBCF10008,7,Mooie stijlvolle jas Rits met handschoenen goed te bedienen Zelfsluitende elastische sneeuw/windvanger achterin de jas,Rits extreem stroef Mouwen (manchetten) sluiten niet goed af om de pols Geen onderkoord  Vanwege rits teruggestuurd
B12AE90100,9,dun maar warm en waterdicht,Ik vind de capuchon lastig stellen
B12AE90100,8,"Licht van gewicht, goed instelbare cappunchon, wind- en waterdicht natuurlijk.",Misschien de ritsen iets soepeler laten lopen.
B12AE90100,8,Lekker lichtgewicht Winddicht Ademende stof Droog door de regen Ritsen onder de oksels Goed verstelbare capuchon,"Geen reflecterende vlakken Ritsen gaan (nog?) wat zwaar open, kan nieuwigheid zijn Flap voor de kin is niet heel comfortabel Valt wat aan de ruime kant, maar niet zo erg dat ik hem ""te groot"" vind.  Prijzige jas"
B12AD90118,10,"Zit lekker en isoleert goed. Waterdichtheid nog niet echt kunnen testen, buitje gaat goed.","Originele prijs is veel te hoog, maar in de aanbieding goed te doen."
B12AD90118,8,"Perfecte pasvorm. Ik zit vaak tussen een M en L in. Deze jas in M is perfect voor mij.  Wind dichtheid is zeker goed. Waterafstotend heb ik nog niet kunnen testen, want geen regen.",De boord bij de pols is niet verstelbaar en voor mij net iets te breed waardoor die iets te veel over mijn hand valt. Niet heel erg maar toch. Wat wel vervelend is is dat de rits last is dicht te ritsen. Denk dat het door de tweewegrits komt.
B12AD90118,9,Kwaliteit  Materiaal Kleur Zit erg comfortabel met zeer mooie afwerking,Iets kleinere capuchon
ADBDF00002,9,Pasvorm,Andere kleuren
ADBDF00002,8,Leuke aanbieding....,Nee...
ADBDF00002,9,"Zit goed,warm sterke kwaliteit",Mouwen zijn net iets te lang. Voor de rest prima..top
ADBDF00002,9,Comfortabel en lekker warm,mouwen iets aan de lange kant
ADBDF00002,8,Zit lekker,Nee
ADBDF00002,9,Lekker warm en de pasvorm is goed !,Nee
ADBDF00002,8,lekker warm en daarvoor ook gekocht,mouwen zouden voor mij iets korter mogen en nauwer aan het eind
ADBDF00002,10,Lekker warm en goede pasvorm.,Nope
AEBAD60005,10,Warm goede pasvorm stoere uitstraling,Het is echt een heren vest maar de rits is een “vrouwen” rits met rechts de loper
AEBAD60005,7,Mooi materiaal (wol),Ietsiepietsie kortere mouwen
ADBDF00002,8,afwerking,grote binnenzak zou mooi zijn
ADBDF00002,9,"Lekker warm, zowel als herfstjas als binnen te gebruiken","Valt redelijk groot uit, probeer daarom eerst maatje kleiner "
ADBDF00002,7,"Mooi , fijne voering","Buitenkant van mindere kwaliteit, erg dun , vorige jas , ook bij jullie gekocht was beduidend warmer en dikker . Was rood geblokt ."
ADBDF00002,8,Mouwlengte ,Weinig
ADBDF00002,7,Eigenlijk alles,Zou ik zo niet weten
ADBDF00002,9,Erg warm en lekker zacht.,Valt vrij ruim
ADBCF10003,9,Lichte jas maar erg warm en waterdicht,Valt vrij groot.
ADBCF10003,10,Heel comfortabele jas,"Valt heel groot, geruild voor een maat kleiner, die zit perfect"
ADBCF10003,9,Pasvorm is uitstekend,De twee ritsen aan zijkant zijn met dit model vervangen door een drukknopje.
ADBCF10003,10,Product zoals omschreven. Mooie korting en supersnelle levering. Heb deze besteld om 21u en de volgende ochtend werd deze geleverd.,Geen.
ADBCF10003,8,"Mooie materialen, veel draag comfort",Niks tot dusver
ADBCF10003,8,"Waterdicht, ook bij hevige regenval.  Warm",Nog niet ontdekt.
ADBCF10003,10,"Ligt, goede rits, warm",Geen
ADBCF10003,9,"goed waterafstotend past goed, handige grote zakken",de rits van de binnenzak werkt niet goed
ADBCF10003,1,"Prachtige jas, licht en comfortabel","Plastic stukje al kapot, volgende dag terug naar de winkel. We moeten 3 tot 4 weken wachten voor dat de jas is terug. Ik verbaas me over breach of sales contract en dat zo iets mag!"
B12ACB0161,8,"het is een fijne jas die lekker zit en goede bescherming biedt tegen de kou. de kraag zit lekker hoog. lekker veel handige zakken.  hoe de jas is, weet ik nog niet. nog geen regen gehad.",de capuchon is wat groot. lekker tijdens wandelen. wat minder op de fiets. maar een koptelefoon kan er gemakkelijk onder.
B12ACB0161,8,"Veel zakken, stevige stof, goede ritsen, aangenaam warm maar niet te, winddicht en waterdicht",De kraag is vrij stug en zit soms oncomfortabel tegen m'n kin
B12ACB0161,9,Functioneel bij een mooi ontwerp,Geen
B12ACB0161,8,"Goed wind en waterdicht, valt iets ruim waardoor je makkelijk laagjes eronder kunt dragen, isoleert goed en houdt warm.",De prijs zonder korting is vrij hoog
B12ACB0161,8,Veel zakken 3 binnenzakken 1 met rits en 2 netzakken. Aan de buitenkant ook 3 zakken 1 met rits borst hoogte en 2 zakken met knopen aan de onderkant.,Ja de minpunt is dat de jas vrij strak zit voor mijn schouders niet echt prettig.
B12ACB0161,9,"de bescherming die de jas geeft tegen wind, kou","de dubbele ritssluiting is moeilijk om de rits erin te krijgen. Als de jas te strak zit gaat de onderste sluiting vanzelf iets omhoog. de 2 diepe zakken aan de voorkant zijn ideaal veel ruimte, maar aan de zijkant zitten ook insteek zakken, daar kun je haast niks indoen, spullen vallen er dan uit"
B12ACB0161,8,Het is nog te kort de tijd om de kwaliteit te beoordelen. Ik zou de jas kwaliteit willen beoordelen na een paar maanden te hebben gebruik. In principe lijk een goede kwaliteit,Ik kan nog niet zeggen het is te prematuur
B12ACB0161,8,Goed waterdicht en warm. Gewoon een mooie en comfortabele jas,De zakken zijn niet echt handig er valt makkelijk iets uit. Een rits of klittenband zou een oplossing kunnen zijn
B12ACB0161,10,Mooie jas die echt 100% waterdicht is!,niets
B12ACB0162,10,Heerlijk warm en ruim zittend! Er werd geklaagd dat er een binnenzak met rits in zit. Maar er zit naast de rits aan de buitenkant en perfect afsluitbaar zakje voor je telefoon of portomonee! (Sowieso fijn veel zakken!) Echt een fijne jas!,De rits was de eerste paar keer wat lastig. Ik weet nu hoe hij moet. Niet gek erg storend dus.
B12ACB0162,8,Hoge kraag Lekker warm Veel zakken Goede pasvorm,"Ondanks dat er meer dan genoeg zakken te vinden zijn op/in de jas, is het jammer dat de jas geen goed afsluitbare binnenzak heeft."
B12ACB0162,9,Wind en waterdicht,De rits is moeilijk dicht te maken aan de onderkant
B12ACB0162,9,Kwaliteit,Minder opsmuk zoals zakken
B12ACB0162,10,Lekker warm,Betere zichtbaarheid in de nacht
B12ACB0162,10,"Lekker warm ook bij min 8, wind en waterdicht. Ook praktisch op de fiets. Is van boven goed af te sluiten, waardoor warmte in de jas blijft. Veel zakken.","Het naar links en rechts kunnen kijken op de fiets is niet helemaal optimaal, maar te doen."
B12ACB0162,8,"Lekker warm en behaaglijk, voldoende diepe binnenzakken, grote capuchon.",Graag aan de binnenkant nog een zak met rits en niet aan de buitenkant.
B12ACB0162,8,Zowel man als vrouw,Te duur
B12ACB0162,9,Waterdicht,Nog niet ontdekt
B12ACB0162,8,Goede kwaliteit warme jas.,Ritsluiting dit product onwaardig. Invoer uitermate lastig.
B12ACB0162,9,Warm en waterdicht,De rits is lastig in te steken
B12ACB0162,8,Lekkere warme jas,"Jas is iets te lang, ik moet op mijn jas gaan zitten tijdens het fietsen."
B12ACB0162,10,Heerlijk warm,De rits is wat lastig
B12ACB0162,9,De jas heeft een heerlijke hoge kraag en veel zakken,"De jas heeft een dubbele rits, kan heel handig zijn maar soms ook irritant omdat hij niet altijd in 1 keer dicht wil."
B12ACB0162,6,waterdicht en winddicht,Ritssluiting
B12ACB0162,9,"Warme jas, goede pasvorm en een hoge kraag/capuchon","Onderste knoop klikt los bij bukken, komt er spanning op"
B12ACB0161,7,"materiaal en vorm, hoewel wat wijd, goede capuchon ook","wat te wijd dus, en de rits is beslist te ielig, heb steeds moeite met de rits insteek."
B12ACB0161,9,Pasvorm en warmte,Insteekzakken wat laag en te ver naar voor
B12ACB0161,8,Heerlijke jas. Heel warm en comfortabel. Iets groter besteld zodat ik er lekkere truien onder aankan. Absoluut een aanrader!,De positie van de zakken is nét niet ideaal. Maar dat is eigenlijk het enige probleem waar ik zelf tegenaan loop
B12ACB0161,8,Het aantal zakken en de mouwmanchetten,Voor mij hadden de mouwen 5cm korter gemogen en de insteek zakken iets hoger.
B12ACB0161,8,warmte en waterdichtheid,helaas liet de klittenband binnen een paar dagen al los. dus moesten we weer retour eindhoven.
B12AA90062,10,Sterke jas. Perfect.,Nee
B12ACB0162,10,Wind en waterdicht. Lekker lang. De kraag in combinatie met de capuchon is heerlijk met de koude wind.,Het is niet gemakkelijk om handschoenen aan te doen (ivm de stretchrand aan de binnenvoering).
B12ACB0162,9,"Veel zakken, sluit goed af, hoge kraag. Waterdicht en warm","Misschien de lage zakken waar je makkelijk je handen in kan doen, afwerken met een soort fleece, dan blijven ze warm...."
B12ACB0162,7,Goed warme jas,Geen fatsoenlijke binnenzakken en de  rits is een opgave....
B12ACB0162,7,"Heel warme jas, met veel goede details","Rits werkt goed, maar het insteken is vaak lastig. Capuchon niet handig op de fiets, slecht zicht naar links en rechts."
B12ACB0162,10,Alles op rits na,Rits
ADBCF10019,8,Dunne doch warme jas met mooie pasvorm.,Product valt wel groot voor een (M).
ADBCF10019,10,Fantastisch afgewerkte jas.  Capuchon zit perfect en kan goed worden ingesteld.  Koord in de boord onderaan de jas werkt fijn.  Zeer goed ademend vermogen.  Warmer dan ik had verwacht.  Winddicht.  Waterdichtheid nog niet kunnen testen.,Niets!
ADBCF10019,8,Degelijk Onopvallend Zit comfortabel,Geen verstelbare capuchon
ADBCF10019,10,Stof is aangenaam om te dragen.,"De rits is voor mij precies verkeerd om, links steekt in rechts waar het lipje zit."
ADBCF10019,10,"Alles. Hij ziet goed, is warm,zit confortable.",Geen.
ADBCF10019,9,Comfortabele pasvorm,Rits van zakken ietwat stroef
B12ACB0161,10,Grote capuchon  Lekker warm  Goede dubbele rits met overlap,Reflector strips
B12ACB0161,9,mooie warme en comfortabel jas.  Fijne pasvorm en perfect afgewerkt,ik zou niets kunnen verzinnen
B12ACB0161,10,Perfect dat het te groot is. Ik ga naar ijsland en wil er extra truien onder kunnen dragen. Daarom deze mannen ipv vrouwen jas gekocht. En expres een paar maten te groot zodat mijn onderlagen er onder passen als ik glacier ga lopen.,Nee zeer tevreden. Misschien wat duur maar als ik er 10 jaar mee kan soen is dat eigenlijk niet duur meer.
B12ACB0161,10,"Heerlijke warme jas die ruim zit en van alles voorzien is. Heel compleet. Met het touwtje onderin kan je de jas nog verder strak trekken en komt er minder winder binnen. Zeer tevreden, ook voor de prijs",Geen
B12ACB0161,8,Nvt,Binnenzakken te dun  Graag wat steviger
B12ACB0161,9,"Draagt prettig, comfortabel en het voelt beschut.",Doordat de ritssluiting wegvalt onder een flap grijp je nog wel eens mis bij het zoeken naar de ritssluiting. Mogelijk een kwestie van wennen maar nier direct ergonomisch.
B12ACB0161,9,Waterproof en winddicht,Daar ben ik nog niet achter.
B12ACB0161,8,"Heel mooie afwerking en een afneembare capuchon (veel jassen hebben die niet meer, helaas) die je lekker strak kunt aantrekken voor optimale beschutting tegen wind en regen.",Nee
B12ACB0161,9,Warm,Ritssluiting
B12ACB0161,10,Prima kwaliteit,nee
B12ACB0161,9,"Waterdicht, 2-way zipper, handige zakken, warm",Zou zelf rits voor binnenzak graag onder de windflap hebben gewild. Dan hoef je de jas niet open te doen.
B12ACB0161,9,Lekker warm en wind- en waterdicht.,Viel iets kleiner dan gewend
ACBGD90008,9,"Zit goed, is redelijk winddicht en warm en waarschijnlijk ook goed waterdicht, al heb ik dat nog niet grondig getest...",Nog niet ontdekt...
ACBGD90008,9,Hoe hij voelt Kleur,...
B12AE90200,9,Super licht en water dicht,Zakken aan de zijkanten …
B12AA90041,9,Goed waterdicht en winddicht. Zit lekker tijdens het fietsen,"Rits is af en toe moeilijk dicht te krijgen, doordat het een dubbele rits is."
B12AA90041,8,Goed ontwerp,De rits in de borstzak hoger laten beginnen en een tweede borstzak
B12AA90041,9,"Draagt lekker, lekker warm door donzen  binnenjack.",Nog geen...
B12AA90041,9,"Pasvorm, wind en waterdicht,warm genoeg.",De kraag schuurt een beetje in je nek.
B12AA90041,8,"De kleur, warm en binnenjas is uit te ritsen",Binnenzakken in de binnenjas
B12AA90041,9,"Buitenjas heeft voldoende bergvakken(jaszakken),Jas voelt erg licht aan tijdens dragen.",1 punt: De binnenjas kan zeker enkele steekzakken gebruiken aan de binnenkant.
B12AA90041,8,Wind en water dichtheid.,"De hals iets wijder,  schuurt iets met mijn kin."
B12AA90041,8,Wat je ziet krijg je ook.,Het dicht doen van de eist wel nauwkeurigheid.
B12AA90041,9,"Lekker licht, comfortabel, niet zweterig, vuil is er gemakkelijk af te vegen.",Aantal bevestigingspunten van de 'binnenjas' aan de buitenjas aan de bovenzijde. Als je niet oplet steek je je arm richting armgat tussen binnen- en buitenjas.
B12AA90041,9,Makkelijk te hanteren jack. Goede pasvorm en stijlvol casual. Water- en winddicht. Warm met binnenjack. Goede keus en positionering binnen- en buitenzakken. Fijn dat capuchon er makkelijk op en af kan. Prima kwaliteitsjack voor deze prijs.,"Rits in""slotje"" om dicht te ritsen hapert soms. Kan wat soepeler en robuuster worden gemaakt. Nu te aandachtig ""mikken"". Borstzak binnen en buiten kan iets dieper om meer ruimte te hebben voor dingen in op te bergen."
B12AA90041,9,X,X
B12ABB0221,8,Licht en warm,Eventueel een borstzakje
B12ABB0221,10,- Ideaal als warme tweede laag bij toerskiën. - Laag gewicht. - Compact in de rugzak. - Hoge ritssluiting. - Ruime en warme capuchon.,- Niet waterdicht. - Kwetsbaar.
B12ABB0221,9,Zeer licht van gewicht.,Een binnenzak was handig geweest.
ADBID90003,7,Warm en zeer comfortabel. Genoeg vakken en waterdicht bij grote regenbuien.,"De rits is steeds op hetzelfde punt kapot gegaan (aanhechtpunt onderaan), waardoor ik een eerste jas na 3 weken heb geroutineerd voor een nieuwe. De nieuwe ging op precies hetzelfde punt kapot na iets minder dan 3 maanden. Steeds netjes opgelost in de winkel door de jas in te nemen."
ADBID90003,9,"Fijn materiaal, past goed, warm, meerdere zakken","De onderkant van de jas mag wat breder, bukken is erg lastig. Ook zouden meer zakken fijn zijn."
ADBID90003,8,"genoeg zakken, afneembaar capuchon",beetje krap op de buik. het is toch maat XL
ADBID90003,8,Heerlijk warme voering Veel praktische zakken  Goede pasvorm  Capuchon ook warm en goed bruikbaar,"Zakken iets laag om handen makkelijk in te steken, maar begint wel te wennen"
ADBID90003,8,Lekkere warme jas,De rits werkt niet goed/is al kapot na 2 weken.  Dit ga ik nog even opnemen met Bever
ADBID90003,10,"Super jas, heerlijk warm, goed water bestendig. Dit is mijn tweede van dit type en deze voelt nog beter dan de vorige. Maat L, 1,87m 88kg",Nog niet ontdekt
ADBID90003,9,Voldoet tot nu aan de verwachtingen.,Ritssluiting had ook van onder open kunnen.
ADBID90003,9,Lekker warm en comfortabel.,Geen
ADBID90003,8,De jas heeft een goede pasvorm. Veel jaszakken. Mooie lange lengte,Ventilatie ritsen onder de armen waren een goede extra optie geweest.
ADBGF00018,8,Zit heerlijk,Is helaas niet waterdicht
ADBGF00018,9,"Pasvorm, comfort, hergebruik materiaal, kleur",Niet ontdekt
ADBGF00018,7,Lekker warm en fijne capuchon.,Mouwen iets strakker bij de pols.
ADBGF00018,8,Erg handig het meegeleverde hoesje.,Nog niet.
ADBGF00018,10,Kwaliteit van materiaal,"Meer duurzame materialen gebruiken. Andere merken zijn daar sterker in , maar deze zit wel heel lekker!."
ADBGF00018,9,"Licht, warm, dun, pasvorm, stijl",Veren komen uit naaigaatjes soms!!!
ADBGF00018,8,"Ik ben nogal gezet, dus een herenmodel aangeschaft. Heerlijk ruim in de schouders, waardoor je alle bewegingsvrijheid hebt. Lekker licht en heerlijk warm.","Juist aan de onderkant is hij erg passend. Doordat hij wat langer is, (is op zich heel fijn) knelt het een beetje bij het zitten of bukken."
ADBGF00018,10,Mooi uiterlijk. Licht en warm,De mouwen zijn iets te lang
ADBID90003,7,Warm tijdens koude (4 graden) waterrepellent is voldoende tijden lichte regen,Ruim rond nek.Sjaal of col is nodig.
ADBID90003,8,"Erg comfortabel, ademt goed en handige zakken","Als de binnenvoering uitneembaar zou zijn, heb je een heerlijke meerseizoenen jas."
ADBID90003,8,Heerlijk warm!,Geen.
ADBID90003,9,"Fijne pasvorm, stoer, fijne stof ,waterafstotend.",Nog niet ondekt
ADBID90003,9,Heerlijk warm Comfortabel Mooi,Eigenlijk geen
ADBID90003,8,"Veel zakken, lekker warm, leuke kleur binnenvoering.",Afritsbare binnenvoering.
ADBID90003,7,"Comfortable warme jas, leuk model met praktische zakken en afneembare capuchon.",Er mag wel wat robuuster sluitwerk gebruikt worden. De ritsen en drukknopen zijn van een mindere kwaliteit.
B12ABB0181,8,"Goeie kwaliteit, redelijke prijs.","Geen, prima product."
B12ABB0181,9,"Goed isolerend,",Geen
B12ABB0181,9,"Prima pasvorm. Ik heb normaal maat XL, Ayacucho valt klein wist ik op voorhand, daardoor bewust maat XXL gekocht.  Ruime zakken, pluspunt!",Wellicht iets beter isolatiewaarde. Bodywarmer is niet heel dik.
B12ABB0181,9,"Mooi, slanke bodywarmer",-
B12ABB0181,10,bodywarmer is lekker dun en toch warm,nee
B12ABB0181,8,Goede afwerking en prijs,De donsvulling zou dikker mogen zijn
B12ABB0181,8,Ziet er mooi uit. Binnenzijde is ook erg mooi afgewerkt,Geen
B12ABB0181,9,Licht en goed isolerend.,Nee.
ADBID90003,7,Zacht,Mouwen iets te kort . Te lange lever tijd vind ik
ADBID90003,9,Alles is tiptop,"Geen, prima zo"
ADBID90003,8,Jas is lekker warm.,Zakken om je handen in te stoppen zitten wat laag.
ADBID90003,8,lekker warm,kleur voering
ADBID90003,9,Comfortabel en lekker warm. Betaalbaar. Voelt kwalitatief goed aan.,De vorm is redelijk recht en lang. Iets meer taillering was mooier geweest.
B12ABB0179,8,Draagt lekker nvt,Geen idee
B12ABB0179,8,Licht gewicht jas,Trui zit onder de veren na het dragen van de jas
B12ABB0179,9,Milieuvriendelijkheid van het merk. Heerlijk warm en licht Jack.,Iets betere binnenskamers had gemogen.
B12ABB0179,9,De jas zit heerlijk licht om je lichaam heen. Is ook lekker warm voor ze een dunne jas.,"Helaas donsvulling, liever gewatteerd."
B12ABB0179,9,Dat hij lekker zit.,Geen verbeter punten.
B12ABB0179,5,Zit lekker,"De donsveren komen er na elke keer dragen uit(binnenkant en buitenkant). Deze blijven dan op je trui achter. Dit is heel storend, omdat het om tientallen veertjes gaat. De jas is al eens omgeruild, maar het probleem blijft."
B12ABB0179,9,Duurzame kwaliteit,"Onderzijde laat wat wind binnen, gebruik van elastiek onderzijde helpt echter wel om dit op te lossen"
B12AD90185,10,Alles,Nee
ACACF10001,8,Zit heerlijk. Lekker licht en warm. Fijne pasvorm. Sluit lekker aan bij de nek. Winddicht.,Nog niet gevonden
ACACF10001,8,"Prima, goed isolerende laag. Lekker warm.",Een binnenzak was handig geweest.
ACACF10001,8,Prijs en licht van gewicht,Waterafstotend
ACACF10001,10,Dit is een heel goed merk en goede kwaliteit.,N.V.T
ACACF10001,8,"Lichtgewicht, warm.",Geen binnenzak
ACACF10001,8,Lekker warm onder een water- en winddichte buitenlaag.,"De kraag is een tikkie ruim waardoor je bij wind snel een koude nek krijgt. Buff, sjaal of col lost dat overigens wel op."
ACACF10001,9,Valt zeer goed en is lekker ligt en warm.,Binnen zak had fijn geweest.
ACACF10001,8,Licht en comfortabel jack!,Er had van mij wel een binnenzak(je) in mogen zitten.
ACACF10001,6,voelt wel warm aan,"geen binnenzak, rits die moeilijk in elkaar valt en de band aan de onderkant is vrij slap"
ACACF10001,10,Comfortabel en kwaliteit  en model en pasvorm.,Nog niet kunnen ontdekken.
DABAF00007,8,"licht materiaal, past bij mij perfect.",Rits komt (te) makkelijk klem te zitten.
DABAF00007,9,"De jas heeft een goede pasvorm, zit comfortabel en is goed waterdicht.",Niet super compact; net niet het formaat dat je achterin je fietsshirt stopt.
DABAF00007,8,"Lange mouwen, grote capouchon",De jas zelf mag naar verhouding nog iets groter (voor een XL) ik gebruik zo'n jack toch als een jas over een jas en dan is hij nu net iets te smal (voor een winterjas)
DABAF00007,7,Ziet er goed uit en praktisch voor het gebruik in de regen. Tot vandaag nog niet gedragen en later zal ik er ervaring mee opdoen.,Dat heb ik nog niet opgemerkt.
EABCD80005,9,Draag comfort,Geen sprekende kleur
C12AD90038,9,Duimgaten met lange manchetten en een windblocker aan de voorzijde.,N.v.t.
D12ABA0001,8,Lichtgewicht; klein op te vouwen; voldoet aan ademend maar wind dichte belofte ook bij inspanning op de fiets; van niks te veel.,"-Het is niet bedoeld als regenjas maar volstaat voor een korte fietstocht door de regen alleen de eerste 20cm van de mouwen  laten veel water door, waarom? -Prijs"
ACBGD80071,9,Goede kwaliteit. Echt waterdicht. Licht gewicht.,"Met korte mouwen onder jas, voelt binnenvoering een beetje “plakkerig” aan."
ACBGD80070,9,Stijlvol en functioneel,Geen
D12AE90051,8,Vaudé kies ik vanwege duurzaamheidsaspecten. De jas draagt erg prettig (ook door de manchetten),Het model had van mij net wat langer mogen zijn. Daarnaast: geen binnenzak. Wel 4 afsluitbare (rits) zakken aan de voorkant. Vooral bij de bovenste twee was een schuine inzet praktischer geweest.
D12AE90051,8,"Lekker licht, mooie kleur, hoge sluiting kraag, boorden goed afgesloten.",Nvt
B12AE90183,3,De jas is warm en zit lekker,Binnen twee weken dragen zijn  twee van de drie ritsen op de jas kapot gegaan. Bijzonder slecht
B12AE90183,9,"Erg warm, en sluit mooi aan.",Krapjes om de armen. En mis een beetje stof aan de boven en onderkant van de rits om contact tussen de huid en de rits te voorkomen.
B12AE90183,9,"warm, grote zakken.",muts waait makkelijk af en is niet verstelbaar om hem strakker om het hoofd te krijgen.
B12AE90183,7,Dun en toch warm. Regendichtheid niet getest nog.,Ja de ristsluiting. Bij beide ritsen liepen de runners van de rits af.
B12AE90183,10,Fijne jas.,Geen.
B12AE90183,9,Nog niet perfect kunnen uittesten vanwege nog vrij hoge temperaturen. Maar het voelt heel goed!,"Het 'over je hoofd' aantrekken is even wennen, maar lukt prima."
B12AE90183,10,"Warm en waterdicht, precies goed!",Nee
DABDF00002,10,Mooie afwerking. Stevige rits.,Weinig reflecterende delen.
EABDE10003,8,Licht,Krap
DABAF00011,9,De kwaliteit,De magneetjes van de flap
C12AD90031,8,fijne jas bij wind en regen,nog niet ontdekt
ACBGD80064,8,Fijn regenpak goede kwaliteit.,Regenbroek kan je lastig uit- en aantrekken met je schoenen aan.
ACBGD80064,8,"Solide regenpak. Ikzelf ben 1,85 m  104 kg en heb voor maat XXL gekozen. Kan er een winterjas onder dragen, dus ruim genoeg.",Broek had iets groter gemogen maar is niet echt storend
ACBGD80064,8,Waterdicht !!!,???
ACBGD80064,8,Gewoon een perfect pak,Misschien handig een tasje erbij
ACBGD80064,8,kleur stof,bij de mouwen wat strak ben benieuwd met een winterjas eronder
DABBF10002,9,Kwaliteit en pasvorm,Geen minpunt
DABBF10002,8,Mooie jas met goeie sportieve pasvorm.,Zeker niet warm genoeg voor de winter. Goed voor vroege lente en herfst.
DABBF10002,5,Materiaal/hardshell/winddicht,Wordt verkocht als winterjack. Dat is het zeker niet. Niet isolerend genoeg en doordat het klein valt kan je moeilijk extra laag eronder dragen. Het is meer een voorjaar/najaar jack. Afwerking mouwen matig.
DABBF10002,10,snel bezorg,moet wel passen in de winkel voor de maat
DABBF10002,7,Kwaliteit,"Iets te krap, dus geschikt voor de zomer"
DABBF10002,8,Artikel 'op voorraad' gekocht. Ervaringen volgen als het fiets-seizoen weer open is ;-),nvt
DABBF10002,8,zeer soepel dragende jas,voor winters weer te licht
DABBF10002,9,"Prima jack bij lage temperaturen, wind en zachte regen",Liever iets meer zakken
DABBF10002,10,Zit prima,Geen
DABBF10002,9,Met koud weer toch comfortabel 3 lagen bij 4grC Goede ventilatie geen zweten Mooie ruime zak met rits op de rug,XL kan bij winterweer en 4 lagen te krap zijn
DABBF10002,9,"Goed winddicht fietsjack, perfect bij lagere temperaturen. Ik heb het gebruikt bij een temperatuur van rond de 10 graden met alleen een thermoshirt er onder.",Het Jack is iets minder ademend.
DABBF10002,8,Perfecte pasform,Voorzakken ontbreken. De stof voelt ietswat kunstmatig aan.
DABBF10002,9,"De voering is vrij dun, waardoor ik bang was dat die te koud was. Echter is dit heel erg mee gevallen. Ritten tussen de 5-10 graden gaan prima, ondanks dat ik erg slecht tegen de kou kan. Juist doordat die volledig winddicht is en de mouwen lang zijn en goed aansluiten op handschoenen houdt het de kou goed buiten.","De voorkant van het jack is erg kort. Ik ben 1.87m en de L komt precies bij de middel uit. Had iets langer gemogen. Voor fietsen is de korte voorkant prima, omdat die door de houding goed aansluit, echter kan het jack dus ook alleen voor fietsen worden gebruikt. Met een pullover aan komt de pullover onder het jack uit als ik recht op sta."
DABBF10002,10,"Winddicht , lichtgewicht",Een extra zakje op zij is welkom
DABBF10002,10,Hij valt goed. Is winddicht en kan tegen een beetje regen.,"Geen idee. Weinig zakken, maar het is een fietsjas die ik misbruik voor woonwerkverkeer."
C12AE90010,8,Super licht. Houdt water van buiten tegen. Goede lange armen en rug.,"Ventilatie had nog beter gemogen. Het gaan niet plakken zoals bij een normale kunstof jas, maar binnenkant wordt wel vochtig. Opening in de oksels had al wat geholpen."
C12AE90010,10,Het product belooft wat het kan,Geen
C12AE90010,9,"Wind en regen dicht, zeer licht, op te rollen , ademend",Nee
D12ACB0001,5,Warm,Absoluut NIET ademend
DABAF00002,10,Licht strak,Geen
DABAF00002,8,Gebruikt tijdens lange fietsrit met veel regen en droog gebleven. En dat zonder te zweten. Gore Tex doet zijn werk goed.,Het is niet super compact om op te bergen
DABAF00002,10,"De jas ademt zeer goed, blijkende uit het feit dat de binnenkant droog blijft. De jas is goed winddicht en in de winter prima te gebruiken met een onderlaag.",Geen.
DABAF00002,8,Prima pasvorm.,Borstzak beetje klein.
DABAF00002,7,"Kwaliteit afwerking, design en kleur zijn goed.","Elastiek in de mouwen is niet zo comfortabel, had een zachte manchet binnen de mouw kunnen zijn."
DABAF00002,8,Draagbaar licht makkelijk mee te nemen,Weet ik niet
DABAF00002,8,"Waterdicht, licht, fijne draagcomfort",Ademend kan altijd beter en ik vind jassen altijd te duur.
EABAC90002,4,Degelijk jack,"Stug materiaal, voorkant lijkt op een vuilniszak."
B12AE90180,9,"Goede wind- en waterdichte jas, leuk model voor een regenjas",De capuchon had wat groter gemogen
B12AE90180,8,"Super wind en waterdicht, lekker lange mouwen.","ja, de voorzijde kruipt tijdens het fietsen omhoog zodat je knieën toch net nat worden. Capuchon mag net wat groter, mn als je ook een muts draagt."
B12AE90180,8,"de maat, de pasvorm, de lekker lange mouwen",iets meer uit stekende klep bovenop capuchon zou fijn zijn
B12AE90178,9,Comfortabel en licht en goed ontworpen,"Wat meer reflectoren zodat je in het donker opvalt, jas is erg donker"
B12AE90178,9,Mooi en stijlvol doet wat t moet doen,Nog niet gevonden
B12AE90178,7,"mooi model, nog geen goede beoordeling van de waterdichtheid vanwege de droge periode",split achterkant te klein waardoor je op de jas moet gaan zitten op de fiets
EABCF00003,8,Goede weersbescherming,De rits lijkt zeer kwetsbaar!!
E12ACA0087,8,"Fijne aansluitende pasvorm voor het skiën. Beperkte isolatie, zodat de jas niet te warm wordt bij het sportieve skiën.",Het is geen goedkope jas.
E12ACA0087,8,-,-
DABCF00001,9,"Het is echt een erg lekker en goed sluitende jas. hij zit zeer comfortabel en met name de sluiting bij de nek/hals en polsen is uitermate goed doordacht. echt een super lekker zittende sluiting, waar ook in racehouding echt geen wind tussendoor komt.","de voorzijde is erg hoog ingesneden, waardoor deze net onder de navel sluit. De lengte aan de voorzijde had dus wel wat langer gemogen. De zakken op de achterzijde zijn erg diep en de opening zit daardoor erg hoog op de rug. Daardoor moet je wel heel ver omhoog rijken om voeding e.d. uit je jas te halen. (De totale lengte is gewoon wat kort, maar een maat groter, sluit hij bij de rest van het lichaam dan echt te ruim."
E12ACA0056,10,Alles,Zou het niet weten
E12ACA0056,8,Warme jas. Capuchon kan aangepast worden waardoor deze strakker om het hoofd zit. Wel fijn bij het achterom kijken.,De binnenzak heeft geen rits.
E12ACA0056,8,Lekker warm! Fijne lange mouwen.,"Zit vrij ruim, is niet getailleerd."
E12ACA0056,9,Goede buiten jas met veel opties.,Her en der wat naadjes met losse draadjes eraan. Zijn resten van het baaien. Zal geen kwaad kunnen. Het oogt alleen wat goedkoop.
B12AH90073,5,Lichtgewicht,Batterij haalt maar 50 % Van de vermelde tijdsduur
E12ACA0151,10,"Fijne fleece, met goede pasvorm waardoor je niet te dik gekleed bent. Lekker warm, en fijn materiaal en afwerking","Enige is dat het wat lastig over een basislaag heen gaat, maar dat vind ik niet hinderlijk"
BABDD90012,9,Alle,Nei
E12A000011,8,"Mooie jas, die behalve voor skiën ook geschikt is voor wandelingen en andere buiten aktiviteiten.",Prijzige jas.
E12A000011,10,Winddicht mooie kleuren flexibel goede pasvorm,Nee
E12A000011,10,"Echt een hele fijne jas, gebruik de shell met de onderjas momenteel in Noorwegen waar het minus 15 graden is en ik heb nergens last van. Genoeg zakken, goeie hoge kraag en alles lekker ruim",Geen
E12ACA0076,8,"Mooie, warme jas.",Een klein zakje voor zonnebril of iets dergelijks zou handig geweest zijn.
E12AE90018,8,"Fijne zakken, flexibele snit en stof, erg comfortabel","De kraag had misschien toch beter openritsbaar kunnen zijn, zo af en toe wordt de kraag een beetje vervelend in je gezicht. Gebrek aan sneeuwvangers in de mouwen is een klein verbeterpuntje."
E12ACA0183,9,Alles voldoet aan de verwachtingen en ik vind het een fijn idee dat er gerecycled materiaal in sommige onderdelen is verwerkt.,Persoonlijk had ik graag nog een extra binnenzak aan de linker-onderzijde gehad. Makkelijk te integreren volgens mij met minimale kosten.
E12ACA0055,10,"compleet, alles zit er op. Mooi en zit lekker","rits voelt wat licht aan, hopelijk blijft deze heel"
E12ACA0055,9,"Veel zakken (buiten op en binnen in), stevige stof, goed wind en water dicht, warm, soepele zachte stof.","Rits gaat wat moeilijk dicht (stof blijft er soms tussen zitten) en de rits kan alleen omhoog dicht, niet ook vanaf de onderkant. De capuchon kan niet opgeborgen worden."
E12ACA0055,9,Kwaliteit en kleur (goed zichtbaar in verkeer),Losse capuchon zou mooi zijn
E12ACA0055,9,"Isoleert goed tegen kou, is waterdicht en vrijwel winddicht. Door ademend vermogen en ventilatie blijft het comfortabel. Strak design, mooi afgewerkt, met veel zakken en ritsen op heel handige plaatsen. Prijs/kwaliteit is super, vergelijkbaar met jassen van twee keer zo duur.","De ritsen zijn van goede kwaliteit maar relatief klein uitgevoerd, waardoor ze soms net wat lastiger dichtgaan. Maar dat is echt een heel klein punt."
E12ACA0055,10,"Jas isoleert goed, maar ademt ook heel goed. Geen last van overmatig zweten. Jas is perfect waterdicht; meerdere keren in de sneeuw gevallen zonder nat te worden. In de binnenzak zit een microvezeldoekje, wat erg handig is om de skibril snel schoon te maken.","ritsen van de zakken sluiten naar beneden. Dit is verwarrend, omdat ritsen normaal gesproken naar boven sluiten. Dit went echter snel"
E12ACA0055,9,Zit lekker,Geen
E12ACA0055,10,Top Kwaliteit!,N.V.T
E12ACA0154,7,"Ontwerp en pasvorm,",Isolatie van de jas valt tegen. Rits met sluiting links is lastig.
E12ACA0156,9,"Fijne warme jas. Goede pasvorm, skipas vakje in de mouw.","Een “geheim” jaszak aan de binnenkant, dat had de jas echt perfect gemaakt."
BABAD90003,8,Juiste pasvorm. Waterdicht en toch ademende stof. In en uitneembare binnenjas met universele ykk rits. Beide zeer licht in gewicht. Goed isolerende buitenjas en voering waardoor het gehele jaar door te gebruiken. Handig skipas en brildoek zak op mouw.,Rits kan niet vanaf onder open. Weinig zakken. Smartphone pas niet in borstzak.
BABAD90003,8,Mooi 3 in 1 pak.,Sleeves aan de mouwen mis ik
BABAD90003,9,"Toelichting op de pas vorm: Zelf voor een wat grotere jas gekozen, zodat de onderkant wat verder over de benen heen hangt.  Daarbij wel iets te lange mouwen.   Sterke punten:  Veel vakken, tot nu toe echt water dicht. Wind dicht. Capuchon kan goed onder een helm, tijdens het scooters.  Zo geen wind in de nek.","De ""knopjes"" waarmee de mouwen vast zitten hadden er 2 per kant kunnen zijn om met het uittrekken van de jas ervoor de zorgen dat de mouw beter op de plek blijft."
BABAD90003,8,All year round,Wind/ sneeuwvang zit verborgen onder binnenjas/voering Kan alleen dicht als je de binnenjas apart draagt!
BABAD90003,8,"Beschermt goed tegen de elementen. Gaat weinig wind doorheen, waardoor je lekker warm blijft zonder dat je een hele dikke jas aan hebt.","Als je de binnenjas er in hebt zitten, dan wil deze nog wel eens een beetje schuiven als je de jas uittrekt. Dit went echter ook wel weer."
BABAD90003,8,Heerlijk warme wind en waterdichte jas. Ideaal dat je bij warmere dagen de binnen en buitenjas los van elkaar kan dragen.,De hals opening is bij een dichtgeritste jas nog erg ruim waardoor het soms fijner is om er een sjaal bij te dragen.
BABAD90003,8,Lekker warm in zijn geheel.  Ook apart zijn de jassen goed te dragen.,De mouwen van de buiten jas zijn aan de lange kant als de binnen jas er niet in zit.
BABAD90003,9,"de jas is soepel, goed in te bewegen",binnen mouwen smal
BABAD90003,7,"Goede, kwalitatieve stof. Water en winddicht!","Opening rond de hals is heel wijd, waardoor je bij een beetje kou direct een sjaal erbij nodig hebt. Capuchon is ook erg groot. Valt vanzelf vóór je ogen."
BABAD90003,6,"Er is goed over de jas nagedacht. Er zitten allerlei touwtjes, elastiekjes en klitteband afsluitingen om de jas winddicht te maken.",De binnen- en buitenjas verschuiven steeds tov. elkaar. Dat is lastig met aan- en uittrekken.  De ritssluitingen werken andersom. Het is alsof ik een damesjas aantrek. Verg veel gewenning!  Ik mis met name binnenzakken in deze jas.
BABAD90003,9,De vulling en de pasvorm voldoen uitstekend; je kunt deze jas ook prima in de winter dragen en je comfortabel voelen.,"Ik vind de onderste laag van de jas niet echt geschikt om als zomerjas te dragen. Eerlijkheidshalve heb ik dat ook nog niet gedaan, maar ben vast van plan om deze jas heel wat winters te gebruiken."
E12ACA0089,8,"Veel ruimte in zakken, goede ritsen, fijn om te dragen, goed waterdicht","Pasvorm kan beter. Ik heb ruimte voor nog een persoon erbij. Kleiner kopen is geen optie, omdat ik lange mouwen nodig heb."
E12ACA0145,10,"Lekker dun en licht.  Erg warm, veel zakken en goed waterdicht",Nee
BABCF10004,8,Behoorlijk wind- en waterdicht  Gesealde ritsen Genoeg zakken Sneeuwvanger Stelmogelijkheden capuchon zijn uitstekend.,Een tweeweg ritssluiting mis ik enorm en hij blijkt toch wat minder warm dan mijn oude ‘Berghaus’ jas.
BABDF00001,10,Alles,De rits zou ik liever wat dikker hebben
BABDF00001,9,Draagt licht en luchtig en is toch goed warm en heel functioneel om mee te skiën!,Schuine insteek zakken zouden nog een verbetering kunnen zijn.
BABDF00001,10,Pasvorm en draagcomfort,Als ik iets moet noemen dan zou het de ritssluiting zijn: soms even prutsen voor je hem  kunt ritsen.
BABDF00001,9,Zit heerlijk. Ruime capuchon waar skihelm onder past. Zacht stukje bij de kin wanneer capuchon op zit. Ik denk precies goed warm voor standaard wintersport. Heeft wel een isolatielaag maar is geen super warme jas voor -30 skiën.,"Goed te weten dat (vgm alle) NF jassen een ‘vrouwenrits’ hebben. Voor mannen even wennen, omdat de sluiting aan de andere kant zit. Er zitten geen sneeuwvangers bij de handen"
BABDF00001,9,Comfortabele warme jas.,Hectisch wennen aan de ritssluiting. Die werkt andersom zoals een damesjas
BABDF00001,10,Fijne jas. Lijkt dun maar is goed warm. Valt iets langer. Dat is perfect met snowboarden.  Genoeg zakken voor je spullen. Alle zakken zijn waterdicht.,Geen
ADBCD52058,8,Lichte en goed draagbare jas. Ruime zakken ideaal als windstopper met de mogelijkheid om laagjes onder de jas te dragen.,Capuchon zou eraf moeten kunnen.
BABDF00001,9,Dun maar toch lekker warm,In de zakken zitten haakjes die hoeven er voor mij niet in.
E12ACA0101,9,"Mooie afwerking, kleine details.  Functioneel, overal aan gedacht. Isolatie: nog geen oordeel. Levering.",evtl. een afritsbare muts.
E12ACA0167,8,"De jas laat toe dat je bewegingsvrijheid hebt tijdens de wintersport. Is niet een dikke jas, maar lijkt wel goed geïsoleerd.",Paar steken op de naden waren los. Dan steekt er zo'n draadje uit een van de naden. Jas werkt verder nog goed.
